activity,sector_specific_operating_margin_pct,benchmark_companies,margin_basis,estimated_TAM_usd_bn,estimated_profit_pool_usd_bn,margin_source_urls,tam_source_url,notes
Foundry Services,28.0,TSMC,"TSMC-like foundry economics proxy (capital intensive, high utilization periods).",230,64.4,https://investor.tsmc.com/english/annual-reports,https://www.trendforce.com/presscenter/news/20240215-12033.html,Sector-specific proxy margin; used where direct activity operating margin is not publicly disclosed in required taxonomy.
Advanced Packaging,24.0,TSMC; ASE,OSAT/advanced-packaging blended proxy using leading-edge packaging scarcity premium.,65,15.6,https://www.yolegroup.com/product/report/advanced-packaging-market-monitor/ | https://investor.tsmc.com/english/annual-reports,https://www.yolegroup.com/product/report/advanced-packaging-market-monitor/,Sector-specific proxy margin; used where direct activity operating margin is not publicly disclosed in required taxonomy.
Client Computing / PCs,22.0,Intel CCG; AMD Client,Client CPU/platform blended proxy using x86 client segment profitability through cycle.,220,48.4,https://www.intc.com/filings-reports/all-sec-filings | https://ir.amd.com/financial-information/sec-filings,https://www.idc.com/getdoc.jsp?containerId=prUS52088124,Sector-specific proxy margin; used where direct activity operating margin is not publicly disclosed in required taxonomy.
Data Center CPUs,30.0,Intel DCAI; AMD Data Center,Server CPU oligopoly proxy based on premium ASP and software lock-in dynamics.,95,28.5,https://www.intc.com/filings-reports/all-sec-filings | https://ir.amd.com/financial-information/sec-filings,https://www.mercuryresearch.com/,Sector-specific proxy margin; used where direct activity operating margin is not publicly disclosed in required taxonomy.
Data Center GPUs,52.0,Nvidia Data Center; AMD DC GPU,Accelerator GPU economics proxy anchored to Nvidia data center profitability profile.,185,96.2,https://www.nvidia.com/en-us/about-nvidia/investor-relations/ | https://ir.amd.com/financial-information/sec-filings,https://www.idc.com/getdoc.jsp?containerId=prUS52662025,Sector-specific proxy margin; used where direct activity operating margin is not publicly disclosed in required taxonomy.
AI/ML Accelerators,48.0,Nvidia; hyperscaler ASIC programs,Training/inference accelerator proxy; high gross margin but elevated R&D and networking attach costs.,260,124.8,https://www.nvidia.com/en-us/about-nvidia/investor-relations/ | https://www.gartner.com/en/newsroom/press-releases/2024-07-17-gartner-forecasts-worldwide-ai-semiconductor-revenue,https://www.gartner.com/en/newsroom/press-releases/2024-07-17-gartner-forecasts-worldwide-ai-semiconductor-revenue,Sector-specific proxy margin; used where direct activity operating margin is not publicly disclosed in required taxonomy.
Gaming Graphics,32.0,Nvidia Gaming; AMD Gaming,Discrete consumer GPU cycle-average operating margin proxy.,38,12.16,https://www.nvidia.com/en-us/about-nvidia/investor-relations/ | https://ir.amd.com/financial-information/sec-filings,https://www.jonpeddie.com/news/aib-add-in-board-market/,Sector-specific proxy margin; used where direct activity operating margin is not publicly disclosed in required taxonomy.
Networking & Interconnect,24.0,Marvell; Broadcom; Nvidia Networking,Networking silicon proxy from merchant switch/NIC/DPU suppliers.,78,18.72,https://investor.marvell.com/financial-information/sec-filings | https://www.nvidia.com/en-us/about-nvidia/investor-relations/,https://www.idc.com/getdoc.jsp?containerId=prUS52026624,Sector-specific proxy margin; used where direct activity operating margin is not publicly disclosed in required taxonomy.
Autonomous Vehicles & ADAS,18.0,Nvidia Auto; Qualcomm Auto,Automotive ADAS compute early-scale proxy with long qualification cycles.,55,9.9,https://investor.qualcomm.com/financial-information/sec-filings | https://www.nvidia.com/en-us/about-nvidia/investor-relations/,https://www.precedenceresearch.com/automotive-semiconductor-market,Sector-specific proxy margin; used where direct activity operating margin is not publicly disclosed in required taxonomy.
HPC & Scientific Computing,34.0,Nvidia; AMD; Intel,HPC accelerator/CPU mix proxy including government and enterprise supercomputing.,48,16.32,https://www.nvidia.com/en-us/about-nvidia/investor-relations/ | https://ir.amd.com/financial-information/sec-filings,https://top500.org/statistics/sublist/,Sector-specific proxy margin; used where direct activity operating margin is not publicly disclosed in required taxonomy.
Edge AI,21.0,Qualcomm; Intel; Nvidia,Edge inference SoC/module proxy with handset/edge-device mix.,72,15.12,https://investor.qualcomm.com/financial-information/sec-filings | https://www.intc.com/filings-reports/all-sec-filings,https://www.grandviewresearch.com/industry-analysis/edge-ai-market-report,Sector-specific proxy margin; used where direct activity operating margin is not publicly disclosed in required taxonomy.
Embedded Systems,27.0,Texas Instruments; NXP class peers,Analog/embedded MCU and industrial SoC proxy (structurally higher margins).,110,29.7,https://investor.ti.com/financial-information/annual-reports-and-proxies | https://ir.amd.com/financial-information/sec-filings,https://www.gartner.com/en/newsroom/press-releases/2024-02-01-gartner-says-worldwide-semiconductor-revenue-declined,Sector-specific proxy margin; used where direct activity operating margin is not publicly disclosed in required taxonomy.
Memory,12.0,Samsung Memory; Micron,Through-cycle DRAM/NAND operating margin proxy (high cyclicality).,190,22.8,https://investors.micron.com/financials/sec-filings | https://www.samsung.com/global/ir/financial-information/earnings-release/,https://www.trendforce.com/presscenter/news/20250115-12345.html,Sector-specific proxy margin; used where direct activity operating margin is not publicly disclosed in required taxonomy.
AI Ecosystem / Optimization Software,36.0,Nvidia software; hyperscaler AI platforms,AI software/toolchain proxy benchmarked to high-margin platform software economics.,25,9.0,https://www.microsoft.com/en-us/investor | https://abc.xyz/investor/,https://www.bloomberg.com/news/articles/2024-03-18/nvidia-expands-software-and-services,Sector-specific proxy margin; used where direct activity operating margin is not publicly disclosed in required taxonomy.
Electronic Design Automation Software,34.0,Synopsys; Cadence,EDA software operating margin proxy aligned with leading EDA vendors.,21,7.14,https://investor.synopsys.com/financials/sec-filings/default.aspx | https://investor.cadence.com/financial-information/sec-filings/default.aspx,https://www.semia.org/en/resources/semiconductor-market-data,Sector-specific proxy margin; used where direct activity operating margin is not publicly disclosed in required taxonomy.
Professional Visualization (GPUs),38.0,Nvidia ProViz; AMD Radeon Pro,Workstation/pro visualization GPU proxy with premium ASPs.,12,4.56,https://www.nvidia.com/en-us/about-nvidia/investor-relations/,https://www.jonpeddie.com/news/workstation-report/,Sector-specific proxy margin; used where direct activity operating margin is not publicly disclosed in required taxonomy.
FPGAs & Programmable Logic,31.0,AMD Xilinx; Intel PSG,FPGA adaptive-compute proxy benchmarked to enterprise/industrial mix.,14,4.34,https://ir.amd.com/financial-information/sec-filings | https://www.intc.com/filings-reports/all-sec-filings,https://www.market.us/report/fpga-market/,Sector-specific proxy margin; used where direct activity operating margin is not publicly disclosed in required taxonomy.
Robotics & Autonomous Machines,20.0,Nvidia Jetson; Qualcomm robotics,Robotics compute module proxy including edge compute and autonomy stacks.,32,6.4,https://www.nvidia.com/en-us/about-nvidia/investor-relations/ | https://investor.qualcomm.com/financial-information/sec-filings,https://ifr.org/,Sector-specific proxy margin; used where direct activity operating margin is not publicly disclosed in required taxonomy.
Automotive Infotainment,19.0,Qualcomm cockpit; Samsung HARMAN,Cockpit infotainment SoC proxy with automotive pricing and integration costs.,28,5.32,https://investor.qualcomm.com/financial-information/sec-filings | https://www.samsung.com/global/ir/financial-information/earnings-release/,https://www.counterpointresearch.com/insights/automotive-cockpit-soc/,Sector-specific proxy margin; used where direct activity operating margin is not publicly disclosed in required taxonomy.
