activity,company,participates,company_total_revenue_usd_bn,company_operating_margin_pct,activity_revenue_estimate_usd_bn,financial_source_url,activity_source_url,notes
Foundry Services,Intel,1,52.9,-0.6,4.8,https://www.intc.com/filings-reports/all-sec-filings/content/0000050863-26-000008/intc-20251227.htm,https://www.trendforce.com/presscenter/news/20240215-12033.html,Estimated from segment disclosures and product mix
Foundry Services,AMD,0,34.6,7.8,0.0,https://ir.amd.com/financial-information/sec-filings/content/0000002488-26-000018/amd-20251227.htm,https://www.trendforce.com/presscenter/news/20240215-12033.html,No material direct revenue disclosed
Foundry Services,Nvidia,0,60.9,54.1,0.0,https://www.sec.gov/Archives/edgar/data/1045810/000104581025000086/nvda-20250126.htm,https://www.trendforce.com/presscenter/news/20240215-12033.html,No material direct revenue disclosed
Foundry Services,Apple,0,391.0,31.5,0.0,https://www.sec.gov/ixviewer/ix.html?doc=/Archives/edgar/data/320193/000032019324000123/aapl-20240928.htm,https://www.trendforce.com/presscenter/news/20240215-12033.html,No material direct revenue disclosed
Foundry Services,Qualcomm,0,38.96,25.6,0.0,https://investor.qualcomm.com/financial-information/sec-filings/content/0000804328-24-000067/qcom-20240929.htm,https://www.trendforce.com/presscenter/news/20240215-12033.html,No material direct revenue disclosed
Foundry Services,Amazon,0,637.96,10.8,0.0,https://www.sec.gov/ixviewer/ix.html?doc=/Archives/edgar/data/1018724/000101872425000008/amzn-20241231.htm,https://www.trendforce.com/presscenter/news/20240215-12033.html,No material direct revenue disclosed
Foundry Services,Google,0,350.0,32.0,0.0,https://www.sec.gov/ixviewer/ix.html?doc=/Archives/edgar/data/1652044/000165204425000014/goog-20241231.htm,https://www.trendforce.com/presscenter/news/20240215-12033.html,No material direct revenue disclosed
Foundry Services,Microsoft,0,245.1,44.6,0.0,https://www.sec.gov/ixviewer/ix.html?doc=/Archives/edgar/data/789019/000095017024087843/msft-20240630.htm,https://www.trendforce.com/presscenter/news/20240215-12033.html,No material direct revenue disclosed
Foundry Services,TSMC,1,90.0,42.0,90.0,https://investor.tsmc.com/english/financial-calendar,https://www.trendforce.com/presscenter/news/20240215-12033.html,Estimated from segment disclosures and product mix
Foundry Services,Samsung,1,220.0,8.5,32.0,https://www.samsung.com/global/ir/financial-information/earnings-release/,https://www.trendforce.com/presscenter/news/20240215-12033.html,Estimated from segment disclosures and product mix
Foundry Services,Marvell,0,5.5,-7.0,0.0,https://investor.marvell.com/financial-information/sec-filings,https://www.trendforce.com/presscenter/news/20240215-12033.html,No material direct revenue disclosed
Foundry Services,Micron,0,25.1,-2.0,0.0,https://investors.micron.com/financials/sec-filings,https://www.trendforce.com/presscenter/news/20240215-12033.html,No material direct revenue disclosed
Foundry Services,IBM,0,62.8,16.5,0.0,https://www.sec.gov/ixviewer/ix.html?doc=/Archives/edgar/data/51143/000005114325000010/ibm-20241231.htm,https://www.trendforce.com/presscenter/news/20240215-12033.html,No material direct revenue disclosed
Foundry Services,Texas Instruments,0,15.64,34.0,0.0,https://investor.ti.com/financial-information/annual-reports-and-proxies,https://www.trendforce.com/presscenter/news/20240215-12033.html,No material direct revenue disclosed
Foundry Services,GlobalFoundries,1,6.75,22.0,6.75,https://investors.gf.com/financial-information/sec-filings,https://www.trendforce.com/presscenter/news/20240215-12033.html,Estimated from segment disclosures and product mix
Foundry Services,SMIC,1,8.03,13.0,8.03,https://www.smics.com/en/site/company_financialSummary,https://www.trendforce.com/presscenter/news/20240215-12033.html,Estimated from segment disclosures and product mix
Advanced Packaging,Intel,1,52.9,-0.6,2.0,https://www.intc.com/filings-reports/all-sec-filings/content/0000050863-26-000008/intc-20251227.htm,https://www.yolegroup.com/product/report/advanced-packaging-market-monitor/,Estimated from segment disclosures and product mix
Advanced Packaging,AMD,1,34.6,7.8,1.2,https://ir.amd.com/financial-information/sec-filings/content/0000002488-26-000018/amd-20251227.htm,https://www.yolegroup.com/product/report/advanced-packaging-market-monitor/,Estimated from segment disclosures and product mix
Advanced Packaging,Nvidia,1,60.9,54.1,2.0,https://www.sec.gov/Archives/edgar/data/1045810/000104581025000086/nvda-20250126.htm,https://www.yolegroup.com/product/report/advanced-packaging-market-monitor/,Estimated from segment disclosures and product mix
Advanced Packaging,Apple,0,391.0,31.5,0.0,https://www.sec.gov/ixviewer/ix.html?doc=/Archives/edgar/data/320193/000032019324000123/aapl-20240928.htm,https://www.yolegroup.com/product/report/advanced-packaging-market-monitor/,No material direct revenue disclosed
Advanced Packaging,Qualcomm,1,38.96,25.6,0.8,https://investor.qualcomm.com/financial-information/sec-filings/content/0000804328-24-000067/qcom-20240929.htm,https://www.yolegroup.com/product/report/advanced-packaging-market-monitor/,Estimated from segment disclosures and product mix
Advanced Packaging,Amazon,0,637.96,10.8,0.0,https://www.sec.gov/ixviewer/ix.html?doc=/Archives/edgar/data/1018724/000101872425000008/amzn-20241231.htm,https://www.yolegroup.com/product/report/advanced-packaging-market-monitor/,No material direct revenue disclosed
Advanced Packaging,Google,0,350.0,32.0,0.0,https://www.sec.gov/ixviewer/ix.html?doc=/Archives/edgar/data/1652044/000165204425000014/goog-20241231.htm,https://www.yolegroup.com/product/report/advanced-packaging-market-monitor/,No material direct revenue disclosed
Advanced Packaging,Microsoft,0,245.1,44.6,0.0,https://www.sec.gov/ixviewer/ix.html?doc=/Archives/edgar/data/789019/000095017024087843/msft-20240630.htm,https://www.yolegroup.com/product/report/advanced-packaging-market-monitor/,No material direct revenue disclosed
Advanced Packaging,TSMC,1,90.0,42.0,9.0,https://investor.tsmc.com/english/financial-calendar,https://www.yolegroup.com/product/report/advanced-packaging-market-monitor/,Estimated from segment disclosures and product mix
Advanced Packaging,Samsung,1,220.0,8.5,4.5,https://www.samsung.com/global/ir/financial-information/earnings-release/,https://www.yolegroup.com/product/report/advanced-packaging-market-monitor/,Estimated from segment disclosures and product mix
Advanced Packaging,Marvell,1,5.5,-7.0,0.5,https://investor.marvell.com/financial-information/sec-filings,https://www.yolegroup.com/product/report/advanced-packaging-market-monitor/,Estimated from segment disclosures and product mix
Advanced Packaging,Micron,0,25.1,-2.0,0.0,https://investors.micron.com/financials/sec-filings,https://www.yolegroup.com/product/report/advanced-packaging-market-monitor/,No material direct revenue disclosed
Advanced Packaging,IBM,0,62.8,16.5,0.0,https://www.sec.gov/ixviewer/ix.html?doc=/Archives/edgar/data/51143/000005114325000010/ibm-20241231.htm,https://www.yolegroup.com/product/report/advanced-packaging-market-monitor/,No material direct revenue disclosed
Advanced Packaging,Texas Instruments,0,15.64,34.0,0.0,https://investor.ti.com/financial-information/annual-reports-and-proxies,https://www.yolegroup.com/product/report/advanced-packaging-market-monitor/,No material direct revenue disclosed
Advanced Packaging,GlobalFoundries,0,6.75,22.0,0.0,https://investors.gf.com/financial-information/sec-filings,https://www.yolegroup.com/product/report/advanced-packaging-market-monitor/,No material direct revenue disclosed
Advanced Packaging,SMIC,0,8.03,13.0,0.0,https://www.smics.com/en/site/company_financialSummary,https://www.yolegroup.com/product/report/advanced-packaging-market-monitor/,No material direct revenue disclosed
Client Computing / PCs,Intel,1,52.9,-0.6,29.0,https://www.intc.com/filings-reports/all-sec-filings/content/0000050863-26-000008/intc-20251227.htm,https://www.idc.com/getdoc.jsp?containerId=prUS52088124,Estimated from segment disclosures and product mix
Client Computing / PCs,AMD,1,34.6,7.8,10.6,https://ir.amd.com/financial-information/sec-filings/content/0000002488-26-000018/amd-20251227.htm,https://www.idc.com/getdoc.jsp?containerId=prUS52088124,Estimated from segment disclosures and product mix
Client Computing / PCs,Nvidia,0,60.9,54.1,0.0,https://www.sec.gov/Archives/edgar/data/1045810/000104581025000086/nvda-20250126.htm,https://www.idc.com/getdoc.jsp?containerId=prUS52088124,No material direct revenue disclosed
Client Computing / PCs,Apple,1,391.0,31.5,30.0,https://www.sec.gov/ixviewer/ix.html?doc=/Archives/edgar/data/320193/000032019324000123/aapl-20240928.htm,https://www.idc.com/getdoc.jsp?containerId=prUS52088124,Estimated from segment disclosures and product mix
Client Computing / PCs,Qualcomm,1,38.96,25.6,1.0,https://investor.qualcomm.com/financial-information/sec-filings/content/0000804328-24-000067/qcom-20240929.htm,https://www.idc.com/getdoc.jsp?containerId=prUS52088124,Estimated from segment disclosures and product mix
Client Computing / PCs,Amazon,0,637.96,10.8,0.0,https://www.sec.gov/ixviewer/ix.html?doc=/Archives/edgar/data/1018724/000101872425000008/amzn-20241231.htm,https://www.idc.com/getdoc.jsp?containerId=prUS52088124,No material direct revenue disclosed
Client Computing / PCs,Google,0,350.0,32.0,0.0,https://www.sec.gov/ixviewer/ix.html?doc=/Archives/edgar/data/1652044/000165204425000014/goog-20241231.htm,https://www.idc.com/getdoc.jsp?containerId=prUS52088124,No material direct revenue disclosed
Client Computing / PCs,Microsoft,1,245.1,44.6,2.0,https://www.sec.gov/ixviewer/ix.html?doc=/Archives/edgar/data/789019/000095017024087843/msft-20240630.htm,https://www.idc.com/getdoc.jsp?containerId=prUS52088124,Estimated from segment disclosures and product mix
Client Computing / PCs,TSMC,0,90.0,42.0,0.0,https://investor.tsmc.com/english/financial-calendar,https://www.idc.com/getdoc.jsp?containerId=prUS52088124,No material direct revenue disclosed
Client Computing / PCs,Samsung,0,220.0,8.5,0.0,https://www.samsung.com/global/ir/financial-information/earnings-release/,https://www.idc.com/getdoc.jsp?containerId=prUS52088124,No material direct revenue disclosed
Client Computing / PCs,Marvell,0,5.5,-7.0,0.0,https://investor.marvell.com/financial-information/sec-filings,https://www.idc.com/getdoc.jsp?containerId=prUS52088124,No material direct revenue disclosed
Client Computing / PCs,Micron,0,25.1,-2.0,0.0,https://investors.micron.com/financials/sec-filings,https://www.idc.com/getdoc.jsp?containerId=prUS52088124,No material direct revenue disclosed
Client Computing / PCs,IBM,0,62.8,16.5,0.0,https://www.sec.gov/ixviewer/ix.html?doc=/Archives/edgar/data/51143/000005114325000010/ibm-20241231.htm,https://www.idc.com/getdoc.jsp?containerId=prUS52088124,No material direct revenue disclosed
Client Computing / PCs,Texas Instruments,0,15.64,34.0,0.0,https://investor.ti.com/financial-information/annual-reports-and-proxies,https://www.idc.com/getdoc.jsp?containerId=prUS52088124,No material direct revenue disclosed
Client Computing / PCs,GlobalFoundries,0,6.75,22.0,0.0,https://investors.gf.com/financial-information/sec-filings,https://www.idc.com/getdoc.jsp?containerId=prUS52088124,No material direct revenue disclosed
Client Computing / PCs,SMIC,0,8.03,13.0,0.0,https://www.smics.com/en/site/company_financialSummary,https://www.idc.com/getdoc.jsp?containerId=prUS52088124,No material direct revenue disclosed
Data Center CPUs,Intel,1,52.9,-0.6,14.0,https://www.intc.com/filings-reports/all-sec-filings/content/0000050863-26-000008/intc-20251227.htm,https://www.mercuryresearch.com/,Estimated from segment disclosures and product mix
Data Center CPUs,AMD,1,34.6,7.8,8.5,https://ir.amd.com/financial-information/sec-filings/content/0000002488-26-000018/amd-20251227.htm,https://www.mercuryresearch.com/,Estimated from segment disclosures and product mix
Data Center CPUs,Nvidia,0,60.9,54.1,0.0,https://www.sec.gov/Archives/edgar/data/1045810/000104581025000086/nvda-20250126.htm,https://www.mercuryresearch.com/,No material direct revenue disclosed
Data Center CPUs,Apple,0,391.0,31.5,0.0,https://www.sec.gov/ixviewer/ix.html?doc=/Archives/edgar/data/320193/000032019324000123/aapl-20240928.htm,https://www.mercuryresearch.com/,No material direct revenue disclosed
Data Center CPUs,Qualcomm,0,38.96,25.6,0.0,https://investor.qualcomm.com/financial-information/sec-filings/content/0000804328-24-000067/qcom-20240929.htm,https://www.mercuryresearch.com/,No material direct revenue disclosed
Data Center CPUs,Amazon,1,637.96,10.8,2.5,https://www.sec.gov/ixviewer/ix.html?doc=/Archives/edgar/data/1018724/000101872425000008/amzn-20241231.htm,https://www.mercuryresearch.com/,Estimated from segment disclosures and product mix
Data Center CPUs,Google,1,350.0,32.0,1.5,https://www.sec.gov/ixviewer/ix.html?doc=/Archives/edgar/data/1652044/000165204425000014/goog-20241231.htm,https://www.mercuryresearch.com/,Estimated from segment disclosures and product mix
Data Center CPUs,Microsoft,1,245.1,44.6,1.0,https://www.sec.gov/ixviewer/ix.html?doc=/Archives/edgar/data/789019/000095017024087843/msft-20240630.htm,https://www.mercuryresearch.com/,Estimated from segment disclosures and product mix
Data Center CPUs,TSMC,0,90.0,42.0,0.0,https://investor.tsmc.com/english/financial-calendar,https://www.mercuryresearch.com/,No material direct revenue disclosed
Data Center CPUs,Samsung,0,220.0,8.5,0.0,https://www.samsung.com/global/ir/financial-information/earnings-release/,https://www.mercuryresearch.com/,No material direct revenue disclosed
Data Center CPUs,Marvell,0,5.5,-7.0,0.0,https://investor.marvell.com/financial-information/sec-filings,https://www.mercuryresearch.com/,No material direct revenue disclosed
Data Center CPUs,Micron,0,25.1,-2.0,0.0,https://investors.micron.com/financials/sec-filings,https://www.mercuryresearch.com/,No material direct revenue disclosed
Data Center CPUs,IBM,1,62.8,16.5,3.0,https://www.sec.gov/ixviewer/ix.html?doc=/Archives/edgar/data/51143/000005114325000010/ibm-20241231.htm,https://www.mercuryresearch.com/,Estimated from segment disclosures and product mix
Data Center CPUs,Texas Instruments,0,15.64,34.0,0.0,https://investor.ti.com/financial-information/annual-reports-and-proxies,https://www.mercuryresearch.com/,No material direct revenue disclosed
Data Center CPUs,GlobalFoundries,0,6.75,22.0,0.0,https://investors.gf.com/financial-information/sec-filings,https://www.mercuryresearch.com/,No material direct revenue disclosed
Data Center CPUs,SMIC,0,8.03,13.0,0.0,https://www.smics.com/en/site/company_financialSummary,https://www.mercuryresearch.com/,No material direct revenue disclosed
Data Center GPUs,Intel,1,52.9,-0.6,1.2,https://www.intc.com/filings-reports/all-sec-filings/content/0000050863-26-000008/intc-20251227.htm,https://www.idc.com/getdoc.jsp?containerId=prUS52662025,Estimated from segment disclosures and product mix
Data Center GPUs,AMD,1,34.6,7.8,3.5,https://ir.amd.com/financial-information/sec-filings/content/0000002488-26-000018/amd-20251227.htm,https://www.idc.com/getdoc.jsp?containerId=prUS52662025,Estimated from segment disclosures and product mix
Data Center GPUs,Nvidia,1,60.9,54.1,39.0,https://www.sec.gov/Archives/edgar/data/1045810/000104581025000086/nvda-20250126.htm,https://www.idc.com/getdoc.jsp?containerId=prUS52662025,Estimated from segment disclosures and product mix
Data Center GPUs,Apple,0,391.0,31.5,0.0,https://www.sec.gov/ixviewer/ix.html?doc=/Archives/edgar/data/320193/000032019324000123/aapl-20240928.htm,https://www.idc.com/getdoc.jsp?containerId=prUS52662025,No material direct revenue disclosed
Data Center GPUs,Qualcomm,0,38.96,25.6,0.0,https://investor.qualcomm.com/financial-information/sec-filings/content/0000804328-24-000067/qcom-20240929.htm,https://www.idc.com/getdoc.jsp?containerId=prUS52662025,No material direct revenue disclosed
Data Center GPUs,Amazon,0,637.96,10.8,0.0,https://www.sec.gov/ixviewer/ix.html?doc=/Archives/edgar/data/1018724/000101872425000008/amzn-20241231.htm,https://www.idc.com/getdoc.jsp?containerId=prUS52662025,No material direct revenue disclosed
Data Center GPUs,Google,0,350.0,32.0,0.0,https://www.sec.gov/ixviewer/ix.html?doc=/Archives/edgar/data/1652044/000165204425000014/goog-20241231.htm,https://www.idc.com/getdoc.jsp?containerId=prUS52662025,No material direct revenue disclosed
Data Center GPUs,Microsoft,0,245.1,44.6,0.0,https://www.sec.gov/ixviewer/ix.html?doc=/Archives/edgar/data/789019/000095017024087843/msft-20240630.htm,https://www.idc.com/getdoc.jsp?containerId=prUS52662025,No material direct revenue disclosed
Data Center GPUs,TSMC,0,90.0,42.0,0.0,https://investor.tsmc.com/english/financial-calendar,https://www.idc.com/getdoc.jsp?containerId=prUS52662025,No material direct revenue disclosed
Data Center GPUs,Samsung,0,220.0,8.5,0.0,https://www.samsung.com/global/ir/financial-information/earnings-release/,https://www.idc.com/getdoc.jsp?containerId=prUS52662025,No material direct revenue disclosed
Data Center GPUs,Marvell,0,5.5,-7.0,0.0,https://investor.marvell.com/financial-information/sec-filings,https://www.idc.com/getdoc.jsp?containerId=prUS52662025,No material direct revenue disclosed
Data Center GPUs,Micron,0,25.1,-2.0,0.0,https://investors.micron.com/financials/sec-filings,https://www.idc.com/getdoc.jsp?containerId=prUS52662025,No material direct revenue disclosed
Data Center GPUs,IBM,0,62.8,16.5,0.0,https://www.sec.gov/ixviewer/ix.html?doc=/Archives/edgar/data/51143/000005114325000010/ibm-20241231.htm,https://www.idc.com/getdoc.jsp?containerId=prUS52662025,No material direct revenue disclosed
Data Center GPUs,Texas Instruments,0,15.64,34.0,0.0,https://investor.ti.com/financial-information/annual-reports-and-proxies,https://www.idc.com/getdoc.jsp?containerId=prUS52662025,No material direct revenue disclosed
Data Center GPUs,GlobalFoundries,0,6.75,22.0,0.0,https://investors.gf.com/financial-information/sec-filings,https://www.idc.com/getdoc.jsp?containerId=prUS52662025,No material direct revenue disclosed
Data Center GPUs,SMIC,0,8.03,13.0,0.0,https://www.smics.com/en/site/company_financialSummary,https://www.idc.com/getdoc.jsp?containerId=prUS52662025,No material direct revenue disclosed
AI/ML Accelerators,Intel,1,52.9,-0.6,1.5,https://www.intc.com/filings-reports/all-sec-filings/content/0000050863-26-000008/intc-20251227.htm,https://www.gartner.com/en/newsroom/press-releases/2024-07-17-gartner-forecasts-worldwide-ai-semiconductor-revenue,Estimated from segment disclosures and product mix
AI/ML Accelerators,AMD,1,34.6,7.8,4.5,https://ir.amd.com/financial-information/sec-filings/content/0000002488-26-000018/amd-20251227.htm,https://www.gartner.com/en/newsroom/press-releases/2024-07-17-gartner-forecasts-worldwide-ai-semiconductor-revenue,Estimated from segment disclosures and product mix
AI/ML Accelerators,Nvidia,1,60.9,54.1,45.0,https://www.sec.gov/Archives/edgar/data/1045810/000104581025000086/nvda-20250126.htm,https://www.gartner.com/en/newsroom/press-releases/2024-07-17-gartner-forecasts-worldwide-ai-semiconductor-revenue,Estimated from segment disclosures and product mix
AI/ML Accelerators,Apple,1,391.0,31.5,5.0,https://www.sec.gov/ixviewer/ix.html?doc=/Archives/edgar/data/320193/000032019324000123/aapl-20240928.htm,https://www.gartner.com/en/newsroom/press-releases/2024-07-17-gartner-forecasts-worldwide-ai-semiconductor-revenue,Estimated from segment disclosures and product mix
AI/ML Accelerators,Qualcomm,1,38.96,25.6,0.6,https://investor.qualcomm.com/financial-information/sec-filings/content/0000804328-24-000067/qcom-20240929.htm,https://www.gartner.com/en/newsroom/press-releases/2024-07-17-gartner-forecasts-worldwide-ai-semiconductor-revenue,Estimated from segment disclosures and product mix
AI/ML Accelerators,Amazon,1,637.96,10.8,3.0,https://www.sec.gov/ixviewer/ix.html?doc=/Archives/edgar/data/1018724/000101872425000008/amzn-20241231.htm,https://www.gartner.com/en/newsroom/press-releases/2024-07-17-gartner-forecasts-worldwide-ai-semiconductor-revenue,Estimated from segment disclosures and product mix
AI/ML Accelerators,Google,1,350.0,32.0,2.5,https://www.sec.gov/ixviewer/ix.html?doc=/Archives/edgar/data/1652044/000165204425000014/goog-20241231.htm,https://www.gartner.com/en/newsroom/press-releases/2024-07-17-gartner-forecasts-worldwide-ai-semiconductor-revenue,Estimated from segment disclosures and product mix
AI/ML Accelerators,Microsoft,1,245.1,44.6,1.2,https://www.sec.gov/ixviewer/ix.html?doc=/Archives/edgar/data/789019/000095017024087843/msft-20240630.htm,https://www.gartner.com/en/newsroom/press-releases/2024-07-17-gartner-forecasts-worldwide-ai-semiconductor-revenue,Estimated from segment disclosures and product mix
AI/ML Accelerators,TSMC,0,90.0,42.0,0.0,https://investor.tsmc.com/english/financial-calendar,https://www.gartner.com/en/newsroom/press-releases/2024-07-17-gartner-forecasts-worldwide-ai-semiconductor-revenue,No material direct revenue disclosed
AI/ML Accelerators,Samsung,0,220.0,8.5,0.0,https://www.samsung.com/global/ir/financial-information/earnings-release/,https://www.gartner.com/en/newsroom/press-releases/2024-07-17-gartner-forecasts-worldwide-ai-semiconductor-revenue,No material direct revenue disclosed
AI/ML Accelerators,Marvell,1,5.5,-7.0,0.7,https://investor.marvell.com/financial-information/sec-filings,https://www.gartner.com/en/newsroom/press-releases/2024-07-17-gartner-forecasts-worldwide-ai-semiconductor-revenue,Estimated from segment disclosures and product mix
AI/ML Accelerators,Micron,0,25.1,-2.0,0.0,https://investors.micron.com/financials/sec-filings,https://www.gartner.com/en/newsroom/press-releases/2024-07-17-gartner-forecasts-worldwide-ai-semiconductor-revenue,No material direct revenue disclosed
AI/ML Accelerators,IBM,1,62.8,16.5,1.0,https://www.sec.gov/ixviewer/ix.html?doc=/Archives/edgar/data/51143/000005114325000010/ibm-20241231.htm,https://www.gartner.com/en/newsroom/press-releases/2024-07-17-gartner-forecasts-worldwide-ai-semiconductor-revenue,Estimated from segment disclosures and product mix
AI/ML Accelerators,Texas Instruments,0,15.64,34.0,0.0,https://investor.ti.com/financial-information/annual-reports-and-proxies,https://www.gartner.com/en/newsroom/press-releases/2024-07-17-gartner-forecasts-worldwide-ai-semiconductor-revenue,No material direct revenue disclosed
AI/ML Accelerators,GlobalFoundries,0,6.75,22.0,0.0,https://investors.gf.com/financial-information/sec-filings,https://www.gartner.com/en/newsroom/press-releases/2024-07-17-gartner-forecasts-worldwide-ai-semiconductor-revenue,No material direct revenue disclosed
AI/ML Accelerators,SMIC,0,8.03,13.0,0.0,https://www.smics.com/en/site/company_financialSummary,https://www.gartner.com/en/newsroom/press-releases/2024-07-17-gartner-forecasts-worldwide-ai-semiconductor-revenue,No material direct revenue disclosed
Gaming Graphics,Intel,1,52.9,-0.6,0.3,https://www.intc.com/filings-reports/all-sec-filings/content/0000050863-26-000008/intc-20251227.htm,https://www.jonpeddie.com/news/aib-add-in-board-market/,Estimated from segment disclosures and product mix
Gaming Graphics,AMD,1,34.6,7.8,2.8,https://ir.amd.com/financial-information/sec-filings/content/0000002488-26-000018/amd-20251227.htm,https://www.jonpeddie.com/news/aib-add-in-board-market/,Estimated from segment disclosures and product mix
Gaming Graphics,Nvidia,1,60.9,54.1,11.0,https://www.sec.gov/Archives/edgar/data/1045810/000104581025000086/nvda-20250126.htm,https://www.jonpeddie.com/news/aib-add-in-board-market/,Estimated from segment disclosures and product mix
Gaming Graphics,Apple,0,391.0,31.5,0.0,https://www.sec.gov/ixviewer/ix.html?doc=/Archives/edgar/data/320193/000032019324000123/aapl-20240928.htm,https://www.jonpeddie.com/news/aib-add-in-board-market/,No material direct revenue disclosed
Gaming Graphics,Qualcomm,0,38.96,25.6,0.0,https://investor.qualcomm.com/financial-information/sec-filings/content/0000804328-24-000067/qcom-20240929.htm,https://www.jonpeddie.com/news/aib-add-in-board-market/,No material direct revenue disclosed
Gaming Graphics,Amazon,0,637.96,10.8,0.0,https://www.sec.gov/ixviewer/ix.html?doc=/Archives/edgar/data/1018724/000101872425000008/amzn-20241231.htm,https://www.jonpeddie.com/news/aib-add-in-board-market/,No material direct revenue disclosed
Gaming Graphics,Google,0,350.0,32.0,0.0,https://www.sec.gov/ixviewer/ix.html?doc=/Archives/edgar/data/1652044/000165204425000014/goog-20241231.htm,https://www.jonpeddie.com/news/aib-add-in-board-market/,No material direct revenue disclosed
Gaming Graphics,Microsoft,0,245.1,44.6,0.0,https://www.sec.gov/ixviewer/ix.html?doc=/Archives/edgar/data/789019/000095017024087843/msft-20240630.htm,https://www.jonpeddie.com/news/aib-add-in-board-market/,No material direct revenue disclosed
Gaming Graphics,TSMC,0,90.0,42.0,0.0,https://investor.tsmc.com/english/financial-calendar,https://www.jonpeddie.com/news/aib-add-in-board-market/,No material direct revenue disclosed
Gaming Graphics,Samsung,0,220.0,8.5,0.0,https://www.samsung.com/global/ir/financial-information/earnings-release/,https://www.jonpeddie.com/news/aib-add-in-board-market/,No material direct revenue disclosed
Gaming Graphics,Marvell,0,5.5,-7.0,0.0,https://investor.marvell.com/financial-information/sec-filings,https://www.jonpeddie.com/news/aib-add-in-board-market/,No material direct revenue disclosed
Gaming Graphics,Micron,0,25.1,-2.0,0.0,https://investors.micron.com/financials/sec-filings,https://www.jonpeddie.com/news/aib-add-in-board-market/,No material direct revenue disclosed
Gaming Graphics,IBM,0,62.8,16.5,0.0,https://www.sec.gov/ixviewer/ix.html?doc=/Archives/edgar/data/51143/000005114325000010/ibm-20241231.htm,https://www.jonpeddie.com/news/aib-add-in-board-market/,No material direct revenue disclosed
Gaming Graphics,Texas Instruments,0,15.64,34.0,0.0,https://investor.ti.com/financial-information/annual-reports-and-proxies,https://www.jonpeddie.com/news/aib-add-in-board-market/,No material direct revenue disclosed
Gaming Graphics,GlobalFoundries,0,6.75,22.0,0.0,https://investors.gf.com/financial-information/sec-filings,https://www.jonpeddie.com/news/aib-add-in-board-market/,No material direct revenue disclosed
Gaming Graphics,SMIC,0,8.03,13.0,0.0,https://www.smics.com/en/site/company_financialSummary,https://www.jonpeddie.com/news/aib-add-in-board-market/,No material direct revenue disclosed
Networking & Interconnect,Intel,1,52.9,-0.6,5.0,https://www.intc.com/filings-reports/all-sec-filings/content/0000050863-26-000008/intc-20251227.htm,https://www.idc.com/getdoc.jsp?containerId=prUS52026624,Estimated from segment disclosures and product mix
Networking & Interconnect,AMD,1,34.6,7.8,1.0,https://ir.amd.com/financial-information/sec-filings/content/0000002488-26-000018/amd-20251227.htm,https://www.idc.com/getdoc.jsp?containerId=prUS52026624,Estimated from segment disclosures and product mix
Networking & Interconnect,Nvidia,1,60.9,54.1,12.0,https://www.sec.gov/Archives/edgar/data/1045810/000104581025000086/nvda-20250126.htm,https://www.idc.com/getdoc.jsp?containerId=prUS52026624,Estimated from segment disclosures and product mix
Networking & Interconnect,Apple,0,391.0,31.5,0.0,https://www.sec.gov/ixviewer/ix.html?doc=/Archives/edgar/data/320193/000032019324000123/aapl-20240928.htm,https://www.idc.com/getdoc.jsp?containerId=prUS52026624,No material direct revenue disclosed
Networking & Interconnect,Qualcomm,1,38.96,25.6,1.5,https://investor.qualcomm.com/financial-information/sec-filings/content/0000804328-24-000067/qcom-20240929.htm,https://www.idc.com/getdoc.jsp?containerId=prUS52026624,Estimated from segment disclosures and product mix
Networking & Interconnect,Amazon,0,637.96,10.8,0.0,https://www.sec.gov/ixviewer/ix.html?doc=/Archives/edgar/data/1018724/000101872425000008/amzn-20241231.htm,https://www.idc.com/getdoc.jsp?containerId=prUS52026624,No material direct revenue disclosed
Networking & Interconnect,Google,0,350.0,32.0,0.0,https://www.sec.gov/ixviewer/ix.html?doc=/Archives/edgar/data/1652044/000165204425000014/goog-20241231.htm,https://www.idc.com/getdoc.jsp?containerId=prUS52026624,No material direct revenue disclosed
Networking & Interconnect,Microsoft,0,245.1,44.6,0.0,https://www.sec.gov/ixviewer/ix.html?doc=/Archives/edgar/data/789019/000095017024087843/msft-20240630.htm,https://www.idc.com/getdoc.jsp?containerId=prUS52026624,No material direct revenue disclosed
Networking & Interconnect,TSMC,1,90.0,42.0,2.0,https://investor.tsmc.com/english/financial-calendar,https://www.idc.com/getdoc.jsp?containerId=prUS52026624,Estimated from segment disclosures and product mix
Networking & Interconnect,Samsung,0,220.0,8.5,0.0,https://www.samsung.com/global/ir/financial-information/earnings-release/,https://www.idc.com/getdoc.jsp?containerId=prUS52026624,No material direct revenue disclosed
Networking & Interconnect,Marvell,1,5.5,-7.0,3.0,https://investor.marvell.com/financial-information/sec-filings,https://www.idc.com/getdoc.jsp?containerId=prUS52026624,Estimated from segment disclosures and product mix
Networking & Interconnect,Micron,0,25.1,-2.0,0.0,https://investors.micron.com/financials/sec-filings,https://www.idc.com/getdoc.jsp?containerId=prUS52026624,No material direct revenue disclosed
Networking & Interconnect,IBM,0,62.8,16.5,0.0,https://www.sec.gov/ixviewer/ix.html?doc=/Archives/edgar/data/51143/000005114325000010/ibm-20241231.htm,https://www.idc.com/getdoc.jsp?containerId=prUS52026624,No material direct revenue disclosed
Networking & Interconnect,Texas Instruments,0,15.64,34.0,0.0,https://investor.ti.com/financial-information/annual-reports-and-proxies,https://www.idc.com/getdoc.jsp?containerId=prUS52026624,No material direct revenue disclosed
Networking & Interconnect,GlobalFoundries,0,6.75,22.0,0.0,https://investors.gf.com/financial-information/sec-filings,https://www.idc.com/getdoc.jsp?containerId=prUS52026624,No material direct revenue disclosed
Networking & Interconnect,SMIC,0,8.03,13.0,0.0,https://www.smics.com/en/site/company_financialSummary,https://www.idc.com/getdoc.jsp?containerId=prUS52026624,No material direct revenue disclosed
Autonomous Vehicles & ADAS,Intel,1,52.9,-0.6,1.0,https://www.intc.com/filings-reports/all-sec-filings/content/0000050863-26-000008/intc-20251227.htm,https://www.precedenceresearch.com/automotive-semiconductor-market,Estimated from segment disclosures and product mix
Autonomous Vehicles & ADAS,AMD,1,34.6,7.8,0.2,https://ir.amd.com/financial-information/sec-filings/content/0000002488-26-000018/amd-20251227.htm,https://www.precedenceresearch.com/automotive-semiconductor-market,Estimated from segment disclosures and product mix
Autonomous Vehicles & ADAS,Nvidia,1,60.9,54.1,1.8,https://www.sec.gov/Archives/edgar/data/1045810/000104581025000086/nvda-20250126.htm,https://www.precedenceresearch.com/automotive-semiconductor-market,Estimated from segment disclosures and product mix
Autonomous Vehicles & ADAS,Apple,0,391.0,31.5,0.0,https://www.sec.gov/ixviewer/ix.html?doc=/Archives/edgar/data/320193/000032019324000123/aapl-20240928.htm,https://www.precedenceresearch.com/automotive-semiconductor-market,No material direct revenue disclosed
Autonomous Vehicles & ADAS,Qualcomm,1,38.96,25.6,2.2,https://investor.qualcomm.com/financial-information/sec-filings/content/0000804328-24-000067/qcom-20240929.htm,https://www.precedenceresearch.com/automotive-semiconductor-market,Estimated from segment disclosures and product mix
Autonomous Vehicles & ADAS,Amazon,0,637.96,10.8,0.0,https://www.sec.gov/ixviewer/ix.html?doc=/Archives/edgar/data/1018724/000101872425000008/amzn-20241231.htm,https://www.precedenceresearch.com/automotive-semiconductor-market,No material direct revenue disclosed
Autonomous Vehicles & ADAS,Google,0,350.0,32.0,0.0,https://www.sec.gov/ixviewer/ix.html?doc=/Archives/edgar/data/1652044/000165204425000014/goog-20241231.htm,https://www.precedenceresearch.com/automotive-semiconductor-market,No material direct revenue disclosed
Autonomous Vehicles & ADAS,Microsoft,0,245.1,44.6,0.0,https://www.sec.gov/ixviewer/ix.html?doc=/Archives/edgar/data/789019/000095017024087843/msft-20240630.htm,https://www.precedenceresearch.com/automotive-semiconductor-market,No material direct revenue disclosed
Autonomous Vehicles & ADAS,TSMC,1,90.0,42.0,1.5,https://investor.tsmc.com/english/financial-calendar,https://www.precedenceresearch.com/automotive-semiconductor-market,Estimated from segment disclosures and product mix
Autonomous Vehicles & ADAS,Samsung,1,220.0,8.5,1.2,https://www.samsung.com/global/ir/financial-information/earnings-release/,https://www.precedenceresearch.com/automotive-semiconductor-market,Estimated from segment disclosures and product mix
Autonomous Vehicles & ADAS,Marvell,0,5.5,-7.0,0.0,https://investor.marvell.com/financial-information/sec-filings,https://www.precedenceresearch.com/automotive-semiconductor-market,No material direct revenue disclosed
Autonomous Vehicles & ADAS,Micron,0,25.1,-2.0,0.0,https://investors.micron.com/financials/sec-filings,https://www.precedenceresearch.com/automotive-semiconductor-market,No material direct revenue disclosed
Autonomous Vehicles & ADAS,IBM,0,62.8,16.5,0.0,https://www.sec.gov/ixviewer/ix.html?doc=/Archives/edgar/data/51143/000005114325000010/ibm-20241231.htm,https://www.precedenceresearch.com/automotive-semiconductor-market,No material direct revenue disclosed
Autonomous Vehicles & ADAS,Texas Instruments,1,15.64,34.0,1.0,https://investor.ti.com/financial-information/annual-reports-and-proxies,https://www.precedenceresearch.com/automotive-semiconductor-market,Estimated from segment disclosures and product mix
Autonomous Vehicles & ADAS,GlobalFoundries,0,6.75,22.0,0.0,https://investors.gf.com/financial-information/sec-filings,https://www.precedenceresearch.com/automotive-semiconductor-market,No material direct revenue disclosed
Autonomous Vehicles & ADAS,SMIC,0,8.03,13.0,0.0,https://www.smics.com/en/site/company_financialSummary,https://www.precedenceresearch.com/automotive-semiconductor-market,No material direct revenue disclosed
HPC & Scientific Computing,Intel,1,52.9,-0.6,2.0,https://www.intc.com/filings-reports/all-sec-filings/content/0000050863-26-000008/intc-20251227.htm,https://top500.org/statistics/sublist/,Estimated from segment disclosures and product mix
HPC & Scientific Computing,AMD,1,34.6,7.8,2.0,https://ir.amd.com/financial-information/sec-filings/content/0000002488-26-000018/amd-20251227.htm,https://top500.org/statistics/sublist/,Estimated from segment disclosures and product mix
HPC & Scientific Computing,Nvidia,1,60.9,54.1,6.0,https://www.sec.gov/Archives/edgar/data/1045810/000104581025000086/nvda-20250126.htm,https://top500.org/statistics/sublist/,Estimated from segment disclosures and product mix
HPC & Scientific Computing,Apple,0,391.0,31.5,0.0,https://www.sec.gov/ixviewer/ix.html?doc=/Archives/edgar/data/320193/000032019324000123/aapl-20240928.htm,https://top500.org/statistics/sublist/,No material direct revenue disclosed
HPC & Scientific Computing,Qualcomm,0,38.96,25.6,0.0,https://investor.qualcomm.com/financial-information/sec-filings/content/0000804328-24-000067/qcom-20240929.htm,https://top500.org/statistics/sublist/,No material direct revenue disclosed
HPC & Scientific Computing,Amazon,1,637.96,10.8,0.6,https://www.sec.gov/ixviewer/ix.html?doc=/Archives/edgar/data/1018724/000101872425000008/amzn-20241231.htm,https://top500.org/statistics/sublist/,Estimated from segment disclosures and product mix
HPC & Scientific Computing,Google,1,350.0,32.0,0.5,https://www.sec.gov/ixviewer/ix.html?doc=/Archives/edgar/data/1652044/000165204425000014/goog-20241231.htm,https://top500.org/statistics/sublist/,Estimated from segment disclosures and product mix
HPC & Scientific Computing,Microsoft,1,245.1,44.6,0.6,https://www.sec.gov/ixviewer/ix.html?doc=/Archives/edgar/data/789019/000095017024087843/msft-20240630.htm,https://top500.org/statistics/sublist/,Estimated from segment disclosures and product mix
HPC & Scientific Computing,TSMC,0,90.0,42.0,0.0,https://investor.tsmc.com/english/financial-calendar,https://top500.org/statistics/sublist/,No material direct revenue disclosed
HPC & Scientific Computing,Samsung,0,220.0,8.5,0.0,https://www.samsung.com/global/ir/financial-information/earnings-release/,https://top500.org/statistics/sublist/,No material direct revenue disclosed
HPC & Scientific Computing,Marvell,0,5.5,-7.0,0.0,https://investor.marvell.com/financial-information/sec-filings,https://top500.org/statistics/sublist/,No material direct revenue disclosed
HPC & Scientific Computing,Micron,0,25.1,-2.0,0.0,https://investors.micron.com/financials/sec-filings,https://top500.org/statistics/sublist/,No material direct revenue disclosed
HPC & Scientific Computing,IBM,1,62.8,16.5,1.5,https://www.sec.gov/ixviewer/ix.html?doc=/Archives/edgar/data/51143/000005114325000010/ibm-20241231.htm,https://top500.org/statistics/sublist/,Estimated from segment disclosures and product mix
HPC & Scientific Computing,Texas Instruments,0,15.64,34.0,0.0,https://investor.ti.com/financial-information/annual-reports-and-proxies,https://top500.org/statistics/sublist/,No material direct revenue disclosed
HPC & Scientific Computing,GlobalFoundries,0,6.75,22.0,0.0,https://investors.gf.com/financial-information/sec-filings,https://top500.org/statistics/sublist/,No material direct revenue disclosed
HPC & Scientific Computing,SMIC,0,8.03,13.0,0.0,https://www.smics.com/en/site/company_financialSummary,https://top500.org/statistics/sublist/,No material direct revenue disclosed
Edge AI,Intel,1,52.9,-0.6,2.0,https://www.intc.com/filings-reports/all-sec-filings/content/0000050863-26-000008/intc-20251227.htm,https://www.grandviewresearch.com/industry-analysis/edge-ai-market-report,Estimated from segment disclosures and product mix
Edge AI,AMD,1,34.6,7.8,0.8,https://ir.amd.com/financial-information/sec-filings/content/0000002488-26-000018/amd-20251227.htm,https://www.grandviewresearch.com/industry-analysis/edge-ai-market-report,Estimated from segment disclosures and product mix
Edge AI,Nvidia,1,60.9,54.1,1.0,https://www.sec.gov/Archives/edgar/data/1045810/000104581025000086/nvda-20250126.htm,https://www.grandviewresearch.com/industry-analysis/edge-ai-market-report,Estimated from segment disclosures and product mix
Edge AI,Apple,1,391.0,31.5,4.0,https://www.sec.gov/ixviewer/ix.html?doc=/Archives/edgar/data/320193/000032019324000123/aapl-20240928.htm,https://www.grandviewresearch.com/industry-analysis/edge-ai-market-report,Estimated from segment disclosures and product mix
Edge AI,Qualcomm,1,38.96,25.6,2.5,https://investor.qualcomm.com/financial-information/sec-filings/content/0000804328-24-000067/qcom-20240929.htm,https://www.grandviewresearch.com/industry-analysis/edge-ai-market-report,Estimated from segment disclosures and product mix
Edge AI,Amazon,0,637.96,10.8,0.0,https://www.sec.gov/ixviewer/ix.html?doc=/Archives/edgar/data/1018724/000101872425000008/amzn-20241231.htm,https://www.grandviewresearch.com/industry-analysis/edge-ai-market-report,No material direct revenue disclosed
Edge AI,Google,0,350.0,32.0,0.0,https://www.sec.gov/ixviewer/ix.html?doc=/Archives/edgar/data/1652044/000165204425000014/goog-20241231.htm,https://www.grandviewresearch.com/industry-analysis/edge-ai-market-report,No material direct revenue disclosed
Edge AI,Microsoft,0,245.1,44.6,0.0,https://www.sec.gov/ixviewer/ix.html?doc=/Archives/edgar/data/789019/000095017024087843/msft-20240630.htm,https://www.grandviewresearch.com/industry-analysis/edge-ai-market-report,No material direct revenue disclosed
Edge AI,TSMC,0,90.0,42.0,0.0,https://investor.tsmc.com/english/financial-calendar,https://www.grandviewresearch.com/industry-analysis/edge-ai-market-report,No material direct revenue disclosed
Edge AI,Samsung,1,220.0,8.5,2.0,https://www.samsung.com/global/ir/financial-information/earnings-release/,https://www.grandviewresearch.com/industry-analysis/edge-ai-market-report,Estimated from segment disclosures and product mix
Edge AI,Marvell,1,5.5,-7.0,0.6,https://investor.marvell.com/financial-information/sec-filings,https://www.grandviewresearch.com/industry-analysis/edge-ai-market-report,Estimated from segment disclosures and product mix
Edge AI,Micron,0,25.1,-2.0,0.0,https://investors.micron.com/financials/sec-filings,https://www.grandviewresearch.com/industry-analysis/edge-ai-market-report,No material direct revenue disclosed
Edge AI,IBM,0,62.8,16.5,0.0,https://www.sec.gov/ixviewer/ix.html?doc=/Archives/edgar/data/51143/000005114325000010/ibm-20241231.htm,https://www.grandviewresearch.com/industry-analysis/edge-ai-market-report,No material direct revenue disclosed
Edge AI,Texas Instruments,1,15.64,34.0,1.2,https://investor.ti.com/financial-information/annual-reports-and-proxies,https://www.grandviewresearch.com/industry-analysis/edge-ai-market-report,Estimated from segment disclosures and product mix
Edge AI,GlobalFoundries,0,6.75,22.0,0.0,https://investors.gf.com/financial-information/sec-filings,https://www.grandviewresearch.com/industry-analysis/edge-ai-market-report,No material direct revenue disclosed
Edge AI,SMIC,0,8.03,13.0,0.0,https://www.smics.com/en/site/company_financialSummary,https://www.grandviewresearch.com/industry-analysis/edge-ai-market-report,No material direct revenue disclosed
Embedded Systems,Intel,1,52.9,-0.6,1.2,https://www.intc.com/filings-reports/all-sec-filings/content/0000050863-26-000008/intc-20251227.htm,https://www.gartner.com/en/newsroom/press-releases/2024-02-01-gartner-says-worldwide-semiconductor-revenue-declined,Estimated from segment disclosures and product mix
Embedded Systems,AMD,1,34.6,7.8,4.0,https://ir.amd.com/financial-information/sec-filings/content/0000002488-26-000018/amd-20251227.htm,https://www.gartner.com/en/newsroom/press-releases/2024-02-01-gartner-says-worldwide-semiconductor-revenue-declined,Estimated from segment disclosures and product mix
Embedded Systems,Nvidia,0,60.9,54.1,0.0,https://www.sec.gov/Archives/edgar/data/1045810/000104581025000086/nvda-20250126.htm,https://www.gartner.com/en/newsroom/press-releases/2024-02-01-gartner-says-worldwide-semiconductor-revenue-declined,No material direct revenue disclosed
Embedded Systems,Apple,0,391.0,31.5,0.0,https://www.sec.gov/ixviewer/ix.html?doc=/Archives/edgar/data/320193/000032019324000123/aapl-20240928.htm,https://www.gartner.com/en/newsroom/press-releases/2024-02-01-gartner-says-worldwide-semiconductor-revenue-declined,No material direct revenue disclosed
Embedded Systems,Qualcomm,1,38.96,25.6,2.0,https://investor.qualcomm.com/financial-information/sec-filings/content/0000804328-24-000067/qcom-20240929.htm,https://www.gartner.com/en/newsroom/press-releases/2024-02-01-gartner-says-worldwide-semiconductor-revenue-declined,Estimated from segment disclosures and product mix
Embedded Systems,Amazon,0,637.96,10.8,0.0,https://www.sec.gov/ixviewer/ix.html?doc=/Archives/edgar/data/1018724/000101872425000008/amzn-20241231.htm,https://www.gartner.com/en/newsroom/press-releases/2024-02-01-gartner-says-worldwide-semiconductor-revenue-declined,No material direct revenue disclosed
Embedded Systems,Google,0,350.0,32.0,0.0,https://www.sec.gov/ixviewer/ix.html?doc=/Archives/edgar/data/1652044/000165204425000014/goog-20241231.htm,https://www.gartner.com/en/newsroom/press-releases/2024-02-01-gartner-says-worldwide-semiconductor-revenue-declined,No material direct revenue disclosed
Embedded Systems,Microsoft,0,245.1,44.6,0.0,https://www.sec.gov/ixviewer/ix.html?doc=/Archives/edgar/data/789019/000095017024087843/msft-20240630.htm,https://www.gartner.com/en/newsroom/press-releases/2024-02-01-gartner-says-worldwide-semiconductor-revenue-declined,No material direct revenue disclosed
Embedded Systems,TSMC,0,90.0,42.0,0.0,https://investor.tsmc.com/english/financial-calendar,https://www.gartner.com/en/newsroom/press-releases/2024-02-01-gartner-says-worldwide-semiconductor-revenue-declined,No material direct revenue disclosed
Embedded Systems,Samsung,1,220.0,8.5,1.0,https://www.samsung.com/global/ir/financial-information/earnings-release/,https://www.gartner.com/en/newsroom/press-releases/2024-02-01-gartner-says-worldwide-semiconductor-revenue-declined,Estimated from segment disclosures and product mix
Embedded Systems,Marvell,1,5.5,-7.0,0.9,https://investor.marvell.com/financial-information/sec-filings,https://www.gartner.com/en/newsroom/press-releases/2024-02-01-gartner-says-worldwide-semiconductor-revenue-declined,Estimated from segment disclosures and product mix
Embedded Systems,Micron,0,25.1,-2.0,0.0,https://investors.micron.com/financials/sec-filings,https://www.gartner.com/en/newsroom/press-releases/2024-02-01-gartner-says-worldwide-semiconductor-revenue-declined,No material direct revenue disclosed
Embedded Systems,IBM,0,62.8,16.5,0.0,https://www.sec.gov/ixviewer/ix.html?doc=/Archives/edgar/data/51143/000005114325000010/ibm-20241231.htm,https://www.gartner.com/en/newsroom/press-releases/2024-02-01-gartner-says-worldwide-semiconductor-revenue-declined,No material direct revenue disclosed
Embedded Systems,Texas Instruments,1,15.64,34.0,9.0,https://investor.ti.com/financial-information/annual-reports-and-proxies,https://www.gartner.com/en/newsroom/press-releases/2024-02-01-gartner-says-worldwide-semiconductor-revenue-declined,Estimated from segment disclosures and product mix
Embedded Systems,GlobalFoundries,0,6.75,22.0,0.0,https://investors.gf.com/financial-information/sec-filings,https://www.gartner.com/en/newsroom/press-releases/2024-02-01-gartner-says-worldwide-semiconductor-revenue-declined,No material direct revenue disclosed
Embedded Systems,SMIC,0,8.03,13.0,0.0,https://www.smics.com/en/site/company_financialSummary,https://www.gartner.com/en/newsroom/press-releases/2024-02-01-gartner-says-worldwide-semiconductor-revenue-declined,No material direct revenue disclosed
Memory,Intel,0,52.9,-0.6,0.0,https://www.intc.com/filings-reports/all-sec-filings/content/0000050863-26-000008/intc-20251227.htm,https://www.trendforce.com/presscenter/news/20250115-12345.html,Estimated from segment disclosures and product mix
Memory,AMD,0,34.6,7.8,0.0,https://ir.amd.com/financial-information/sec-filings/content/0000002488-26-000018/amd-20251227.htm,https://www.trendforce.com/presscenter/news/20250115-12345.html,No material direct revenue disclosed
Memory,Nvidia,0,60.9,54.1,0.0,https://www.sec.gov/Archives/edgar/data/1045810/000104581025000086/nvda-20250126.htm,https://www.trendforce.com/presscenter/news/20250115-12345.html,No material direct revenue disclosed
Memory,Apple,0,391.0,31.5,0.0,https://www.sec.gov/ixviewer/ix.html?doc=/Archives/edgar/data/320193/000032019324000123/aapl-20240928.htm,https://www.trendforce.com/presscenter/news/20250115-12345.html,No material direct revenue disclosed
Memory,Qualcomm,0,38.96,25.6,0.0,https://investor.qualcomm.com/financial-information/sec-filings/content/0000804328-24-000067/qcom-20240929.htm,https://www.trendforce.com/presscenter/news/20250115-12345.html,No material direct revenue disclosed
Memory,Amazon,0,637.96,10.8,0.0,https://www.sec.gov/ixviewer/ix.html?doc=/Archives/edgar/data/1018724/000101872425000008/amzn-20241231.htm,https://www.trendforce.com/presscenter/news/20250115-12345.html,No material direct revenue disclosed
Memory,Google,0,350.0,32.0,0.0,https://www.sec.gov/ixviewer/ix.html?doc=/Archives/edgar/data/1652044/000165204425000014/goog-20241231.htm,https://www.trendforce.com/presscenter/news/20250115-12345.html,No material direct revenue disclosed
Memory,Microsoft,0,245.1,44.6,0.0,https://www.sec.gov/ixviewer/ix.html?doc=/Archives/edgar/data/789019/000095017024087843/msft-20240630.htm,https://www.trendforce.com/presscenter/news/20250115-12345.html,No material direct revenue disclosed
Memory,TSMC,0,90.0,42.0,0.0,https://investor.tsmc.com/english/financial-calendar,https://www.trendforce.com/presscenter/news/20250115-12345.html,No material direct revenue disclosed
Memory,Samsung,1,220.0,8.5,60.0,https://www.samsung.com/global/ir/financial-information/earnings-release/,https://www.trendforce.com/presscenter/news/20250115-12345.html,Estimated from segment disclosures and product mix
Memory,Marvell,0,5.5,-7.0,0.0,https://investor.marvell.com/financial-information/sec-filings,https://www.trendforce.com/presscenter/news/20250115-12345.html,No material direct revenue disclosed
Memory,Micron,1,25.1,-2.0,25.1,https://investors.micron.com/financials/sec-filings,https://www.trendforce.com/presscenter/news/20250115-12345.html,Estimated from segment disclosures and product mix
Memory,IBM,0,62.8,16.5,0.0,https://www.sec.gov/ixviewer/ix.html?doc=/Archives/edgar/data/51143/000005114325000010/ibm-20241231.htm,https://www.trendforce.com/presscenter/news/20250115-12345.html,No material direct revenue disclosed
Memory,Texas Instruments,0,15.64,34.0,0.0,https://investor.ti.com/financial-information/annual-reports-and-proxies,https://www.trendforce.com/presscenter/news/20250115-12345.html,No material direct revenue disclosed
Memory,GlobalFoundries,0,6.75,22.0,0.0,https://investors.gf.com/financial-information/sec-filings,https://www.trendforce.com/presscenter/news/20250115-12345.html,No material direct revenue disclosed
Memory,SMIC,0,8.03,13.0,0.0,https://www.smics.com/en/site/company_financialSummary,https://www.trendforce.com/presscenter/news/20250115-12345.html,Estimated from segment disclosures and product mix
AI Ecosystem / Optimization Software,Intel,1,52.9,-0.6,0.8,https://www.intc.com/filings-reports/all-sec-filings/content/0000050863-26-000008/intc-20251227.htm,https://www.bloomberg.com/news/articles/2024-03-18/nvidia-expands-software-and-services,Estimated from segment disclosures and product mix
AI Ecosystem / Optimization Software,AMD,1,34.6,7.8,0.4,https://ir.amd.com/financial-information/sec-filings/content/0000002488-26-000018/amd-20251227.htm,https://www.bloomberg.com/news/articles/2024-03-18/nvidia-expands-software-and-services,Estimated from segment disclosures and product mix
AI Ecosystem / Optimization Software,Nvidia,1,60.9,54.1,2.5,https://www.sec.gov/Archives/edgar/data/1045810/000104581025000086/nvda-20250126.htm,https://www.bloomberg.com/news/articles/2024-03-18/nvidia-expands-software-and-services,Estimated from segment disclosures and product mix
AI Ecosystem / Optimization Software,Apple,1,391.0,31.5,0.5,https://www.sec.gov/ixviewer/ix.html?doc=/Archives/edgar/data/320193/000032019324000123/aapl-20240928.htm,https://www.bloomberg.com/news/articles/2024-03-18/nvidia-expands-software-and-services,Estimated from segment disclosures and product mix
AI Ecosystem / Optimization Software,Qualcomm,1,38.96,25.6,0.3,https://investor.qualcomm.com/financial-information/sec-filings/content/0000804328-24-000067/qcom-20240929.htm,https://www.bloomberg.com/news/articles/2024-03-18/nvidia-expands-software-and-services,Estimated from segment disclosures and product mix
AI Ecosystem / Optimization Software,Amazon,1,637.96,10.8,0.9,https://www.sec.gov/ixviewer/ix.html?doc=/Archives/edgar/data/1018724/000101872425000008/amzn-20241231.htm,https://www.bloomberg.com/news/articles/2024-03-18/nvidia-expands-software-and-services,Estimated from segment disclosures and product mix
AI Ecosystem / Optimization Software,Google,1,350.0,32.0,1.0,https://www.sec.gov/ixviewer/ix.html?doc=/Archives/edgar/data/1652044/000165204425000014/goog-20241231.htm,https://www.bloomberg.com/news/articles/2024-03-18/nvidia-expands-software-and-services,Estimated from segment disclosures and product mix
AI Ecosystem / Optimization Software,Microsoft,1,245.1,44.6,1.0,https://www.sec.gov/ixviewer/ix.html?doc=/Archives/edgar/data/789019/000095017024087843/msft-20240630.htm,https://www.bloomberg.com/news/articles/2024-03-18/nvidia-expands-software-and-services,Estimated from segment disclosures and product mix
AI Ecosystem / Optimization Software,TSMC,0,90.0,42.0,0.0,https://investor.tsmc.com/english/financial-calendar,https://www.bloomberg.com/news/articles/2024-03-18/nvidia-expands-software-and-services,No material direct revenue disclosed
AI Ecosystem / Optimization Software,Samsung,0,220.0,8.5,0.0,https://www.samsung.com/global/ir/financial-information/earnings-release/,https://www.bloomberg.com/news/articles/2024-03-18/nvidia-expands-software-and-services,No material direct revenue disclosed
AI Ecosystem / Optimization Software,Marvell,0,5.5,-7.0,0.0,https://investor.marvell.com/financial-information/sec-filings,https://www.bloomberg.com/news/articles/2024-03-18/nvidia-expands-software-and-services,No material direct revenue disclosed
AI Ecosystem / Optimization Software,Micron,0,25.1,-2.0,0.0,https://investors.micron.com/financials/sec-filings,https://www.bloomberg.com/news/articles/2024-03-18/nvidia-expands-software-and-services,No material direct revenue disclosed
AI Ecosystem / Optimization Software,IBM,1,62.8,16.5,0.8,https://www.sec.gov/ixviewer/ix.html?doc=/Archives/edgar/data/51143/000005114325000010/ibm-20241231.htm,https://www.bloomberg.com/news/articles/2024-03-18/nvidia-expands-software-and-services,Estimated from segment disclosures and product mix
AI Ecosystem / Optimization Software,Texas Instruments,0,15.64,34.0,0.0,https://investor.ti.com/financial-information/annual-reports-and-proxies,https://www.bloomberg.com/news/articles/2024-03-18/nvidia-expands-software-and-services,No material direct revenue disclosed
AI Ecosystem / Optimization Software,GlobalFoundries,0,6.75,22.0,0.0,https://investors.gf.com/financial-information/sec-filings,https://www.bloomberg.com/news/articles/2024-03-18/nvidia-expands-software-and-services,No material direct revenue disclosed
AI Ecosystem / Optimization Software,SMIC,0,8.03,13.0,0.0,https://www.smics.com/en/site/company_financialSummary,https://www.bloomberg.com/news/articles/2024-03-18/nvidia-expands-software-and-services,No material direct revenue disclosed
Electronic Design Automation Software,Intel,0,52.9,-0.6,0.0,https://www.intc.com/filings-reports/all-sec-filings/content/0000050863-26-000008/intc-20251227.htm,https://www.semia.org/en/resources/semiconductor-market-data,No material direct revenue disclosed
Electronic Design Automation Software,AMD,0,34.6,7.8,0.0,https://ir.amd.com/financial-information/sec-filings/content/0000002488-26-000018/amd-20251227.htm,https://www.semia.org/en/resources/semiconductor-market-data,No material direct revenue disclosed
Electronic Design Automation Software,Nvidia,0,60.9,54.1,0.0,https://www.sec.gov/Archives/edgar/data/1045810/000104581025000086/nvda-20250126.htm,https://www.semia.org/en/resources/semiconductor-market-data,No material direct revenue disclosed
Electronic Design Automation Software,Apple,0,391.0,31.5,0.0,https://www.sec.gov/ixviewer/ix.html?doc=/Archives/edgar/data/320193/000032019324000123/aapl-20240928.htm,https://www.semia.org/en/resources/semiconductor-market-data,No material direct revenue disclosed
Electronic Design Automation Software,Qualcomm,0,38.96,25.6,0.0,https://investor.qualcomm.com/financial-information/sec-filings/content/0000804328-24-000067/qcom-20240929.htm,https://www.semia.org/en/resources/semiconductor-market-data,No material direct revenue disclosed
Electronic Design Automation Software,Amazon,0,637.96,10.8,0.0,https://www.sec.gov/ixviewer/ix.html?doc=/Archives/edgar/data/1018724/000101872425000008/amzn-20241231.htm,https://www.semia.org/en/resources/semiconductor-market-data,No material direct revenue disclosed
Electronic Design Automation Software,Google,0,350.0,32.0,0.0,https://www.sec.gov/ixviewer/ix.html?doc=/Archives/edgar/data/1652044/000165204425000014/goog-20241231.htm,https://www.semia.org/en/resources/semiconductor-market-data,No material direct revenue disclosed
Electronic Design Automation Software,Microsoft,0,245.1,44.6,0.0,https://www.sec.gov/ixviewer/ix.html?doc=/Archives/edgar/data/789019/000095017024087843/msft-20240630.htm,https://www.semia.org/en/resources/semiconductor-market-data,No material direct revenue disclosed
Electronic Design Automation Software,TSMC,0,90.0,42.0,0.0,https://investor.tsmc.com/english/financial-calendar,https://www.semia.org/en/resources/semiconductor-market-data,No material direct revenue disclosed
Electronic Design Automation Software,Samsung,0,220.0,8.5,0.0,https://www.samsung.com/global/ir/financial-information/earnings-release/,https://www.semia.org/en/resources/semiconductor-market-data,No material direct revenue disclosed
Electronic Design Automation Software,Marvell,0,5.5,-7.0,0.0,https://investor.marvell.com/financial-information/sec-filings,https://www.semia.org/en/resources/semiconductor-market-data,No material direct revenue disclosed
Electronic Design Automation Software,Micron,0,25.1,-2.0,0.0,https://investors.micron.com/financials/sec-filings,https://www.semia.org/en/resources/semiconductor-market-data,No material direct revenue disclosed
Electronic Design Automation Software,IBM,0,62.8,16.5,0.0,https://www.sec.gov/ixviewer/ix.html?doc=/Archives/edgar/data/51143/000005114325000010/ibm-20241231.htm,https://www.semia.org/en/resources/semiconductor-market-data,No material direct revenue disclosed
Electronic Design Automation Software,Texas Instruments,0,15.64,34.0,0.0,https://investor.ti.com/financial-information/annual-reports-and-proxies,https://www.semia.org/en/resources/semiconductor-market-data,No material direct revenue disclosed
Electronic Design Automation Software,GlobalFoundries,0,6.75,22.0,0.0,https://investors.gf.com/financial-information/sec-filings,https://www.semia.org/en/resources/semiconductor-market-data,No material direct revenue disclosed
Electronic Design Automation Software,SMIC,0,8.03,13.0,0.0,https://www.smics.com/en/site/company_financialSummary,https://www.semia.org/en/resources/semiconductor-market-data,No material direct revenue disclosed
Professional Visualization (GPUs),Intel,1,52.9,-0.6,0.1,https://www.intc.com/filings-reports/all-sec-filings/content/0000050863-26-000008/intc-20251227.htm,https://www.jonpeddie.com/news/workstation-report/,Estimated from segment disclosures and product mix
Professional Visualization (GPUs),AMD,1,34.6,7.8,0.5,https://ir.amd.com/financial-information/sec-filings/content/0000002488-26-000018/amd-20251227.htm,https://www.jonpeddie.com/news/workstation-report/,Estimated from segment disclosures and product mix
Professional Visualization (GPUs),Nvidia,1,60.9,54.1,1.8,https://www.sec.gov/Archives/edgar/data/1045810/000104581025000086/nvda-20250126.htm,https://www.jonpeddie.com/news/workstation-report/,Estimated from segment disclosures and product mix
Professional Visualization (GPUs),Apple,0,391.0,31.5,0.0,https://www.sec.gov/ixviewer/ix.html?doc=/Archives/edgar/data/320193/000032019324000123/aapl-20240928.htm,https://www.jonpeddie.com/news/workstation-report/,No material direct revenue disclosed
Professional Visualization (GPUs),Qualcomm,0,38.96,25.6,0.0,https://investor.qualcomm.com/financial-information/sec-filings/content/0000804328-24-000067/qcom-20240929.htm,https://www.jonpeddie.com/news/workstation-report/,No material direct revenue disclosed
Professional Visualization (GPUs),Amazon,0,637.96,10.8,0.0,https://www.sec.gov/ixviewer/ix.html?doc=/Archives/edgar/data/1018724/000101872425000008/amzn-20241231.htm,https://www.jonpeddie.com/news/workstation-report/,No material direct revenue disclosed
Professional Visualization (GPUs),Google,0,350.0,32.0,0.0,https://www.sec.gov/ixviewer/ix.html?doc=/Archives/edgar/data/1652044/000165204425000014/goog-20241231.htm,https://www.jonpeddie.com/news/workstation-report/,No material direct revenue disclosed
Professional Visualization (GPUs),Microsoft,0,245.1,44.6,0.0,https://www.sec.gov/ixviewer/ix.html?doc=/Archives/edgar/data/789019/000095017024087843/msft-20240630.htm,https://www.jonpeddie.com/news/workstation-report/,No material direct revenue disclosed
Professional Visualization (GPUs),TSMC,0,90.0,42.0,0.0,https://investor.tsmc.com/english/financial-calendar,https://www.jonpeddie.com/news/workstation-report/,No material direct revenue disclosed
Professional Visualization (GPUs),Samsung,0,220.0,8.5,0.0,https://www.samsung.com/global/ir/financial-information/earnings-release/,https://www.jonpeddie.com/news/workstation-report/,No material direct revenue disclosed
Professional Visualization (GPUs),Marvell,0,5.5,-7.0,0.0,https://investor.marvell.com/financial-information/sec-filings,https://www.jonpeddie.com/news/workstation-report/,No material direct revenue disclosed
Professional Visualization (GPUs),Micron,0,25.1,-2.0,0.0,https://investors.micron.com/financials/sec-filings,https://www.jonpeddie.com/news/workstation-report/,No material direct revenue disclosed
Professional Visualization (GPUs),IBM,0,62.8,16.5,0.0,https://www.sec.gov/ixviewer/ix.html?doc=/Archives/edgar/data/51143/000005114325000010/ibm-20241231.htm,https://www.jonpeddie.com/news/workstation-report/,No material direct revenue disclosed
Professional Visualization (GPUs),Texas Instruments,0,15.64,34.0,0.0,https://investor.ti.com/financial-information/annual-reports-and-proxies,https://www.jonpeddie.com/news/workstation-report/,No material direct revenue disclosed
Professional Visualization (GPUs),GlobalFoundries,0,6.75,22.0,0.0,https://investors.gf.com/financial-information/sec-filings,https://www.jonpeddie.com/news/workstation-report/,No material direct revenue disclosed
Professional Visualization (GPUs),SMIC,0,8.03,13.0,0.0,https://www.smics.com/en/site/company_financialSummary,https://www.jonpeddie.com/news/workstation-report/,No material direct revenue disclosed
FPGAs & Programmable Logic,Intel,1,52.9,-0.6,4.5,https://www.intc.com/filings-reports/all-sec-filings/content/0000050863-26-000008/intc-20251227.htm,https://www.market.us/report/fpga-market/,Estimated from segment disclosures and product mix
FPGAs & Programmable Logic,AMD,1,34.6,7.8,3.6,https://ir.amd.com/financial-information/sec-filings/content/0000002488-26-000018/amd-20251227.htm,https://www.market.us/report/fpga-market/,Estimated from segment disclosures and product mix
FPGAs & Programmable Logic,Nvidia,0,60.9,54.1,0.0,https://www.sec.gov/Archives/edgar/data/1045810/000104581025000086/nvda-20250126.htm,https://www.market.us/report/fpga-market/,No material direct revenue disclosed
FPGAs & Programmable Logic,Apple,0,391.0,31.5,0.0,https://www.sec.gov/ixviewer/ix.html?doc=/Archives/edgar/data/320193/000032019324000123/aapl-20240928.htm,https://www.market.us/report/fpga-market/,No material direct revenue disclosed
FPGAs & Programmable Logic,Qualcomm,0,38.96,25.6,0.0,https://investor.qualcomm.com/financial-information/sec-filings/content/0000804328-24-000067/qcom-20240929.htm,https://www.market.us/report/fpga-market/,No material direct revenue disclosed
FPGAs & Programmable Logic,Amazon,1,637.96,10.8,0.2,https://www.sec.gov/ixviewer/ix.html?doc=/Archives/edgar/data/1018724/000101872425000008/amzn-20241231.htm,https://www.market.us/report/fpga-market/,Estimated from segment disclosures and product mix
FPGAs & Programmable Logic,Google,0,350.0,32.0,0.0,https://www.sec.gov/ixviewer/ix.html?doc=/Archives/edgar/data/1652044/000165204425000014/goog-20241231.htm,https://www.market.us/report/fpga-market/,No material direct revenue disclosed
FPGAs & Programmable Logic,Microsoft,1,245.1,44.6,0.1,https://www.sec.gov/ixviewer/ix.html?doc=/Archives/edgar/data/789019/000095017024087843/msft-20240630.htm,https://www.market.us/report/fpga-market/,Estimated from segment disclosures and product mix
FPGAs & Programmable Logic,TSMC,0,90.0,42.0,0.0,https://investor.tsmc.com/english/financial-calendar,https://www.market.us/report/fpga-market/,No material direct revenue disclosed
FPGAs & Programmable Logic,Samsung,0,220.0,8.5,0.0,https://www.samsung.com/global/ir/financial-information/earnings-release/,https://www.market.us/report/fpga-market/,No material direct revenue disclosed
FPGAs & Programmable Logic,Marvell,0,5.5,-7.0,0.0,https://investor.marvell.com/financial-information/sec-filings,https://www.market.us/report/fpga-market/,No material direct revenue disclosed
FPGAs & Programmable Logic,Micron,0,25.1,-2.0,0.0,https://investors.micron.com/financials/sec-filings,https://www.market.us/report/fpga-market/,No material direct revenue disclosed
FPGAs & Programmable Logic,IBM,0,62.8,16.5,0.0,https://www.sec.gov/ixviewer/ix.html?doc=/Archives/edgar/data/51143/000005114325000010/ibm-20241231.htm,https://www.market.us/report/fpga-market/,No material direct revenue disclosed
FPGAs & Programmable Logic,Texas Instruments,0,15.64,34.0,0.0,https://investor.ti.com/financial-information/annual-reports-and-proxies,https://www.market.us/report/fpga-market/,No material direct revenue disclosed
FPGAs & Programmable Logic,GlobalFoundries,0,6.75,22.0,0.0,https://investors.gf.com/financial-information/sec-filings,https://www.market.us/report/fpga-market/,No material direct revenue disclosed
FPGAs & Programmable Logic,SMIC,0,8.03,13.0,0.0,https://www.smics.com/en/site/company_financialSummary,https://www.market.us/report/fpga-market/,No material direct revenue disclosed
Robotics & Autonomous Machines,Intel,1,52.9,-0.6,0.3,https://www.intc.com/filings-reports/all-sec-filings/content/0000050863-26-000008/intc-20251227.htm,https://ifr.org/,Estimated from segment disclosures and product mix
Robotics & Autonomous Machines,AMD,0,34.6,7.8,0.0,https://ir.amd.com/financial-information/sec-filings/content/0000002488-26-000018/amd-20251227.htm,https://ifr.org/,No material direct revenue disclosed
Robotics & Autonomous Machines,Nvidia,1,60.9,54.1,1.0,https://www.sec.gov/Archives/edgar/data/1045810/000104581025000086/nvda-20250126.htm,https://ifr.org/,Estimated from segment disclosures and product mix
Robotics & Autonomous Machines,Apple,0,391.0,31.5,0.0,https://www.sec.gov/ixviewer/ix.html?doc=/Archives/edgar/data/320193/000032019324000123/aapl-20240928.htm,https://ifr.org/,No material direct revenue disclosed
Robotics & Autonomous Machines,Qualcomm,1,38.96,25.6,0.7,https://investor.qualcomm.com/financial-information/sec-filings/content/0000804328-24-000067/qcom-20240929.htm,https://ifr.org/,Estimated from segment disclosures and product mix
Robotics & Autonomous Machines,Amazon,1,637.96,10.8,0.6,https://www.sec.gov/ixviewer/ix.html?doc=/Archives/edgar/data/1018724/000101872425000008/amzn-20241231.htm,https://ifr.org/,Estimated from segment disclosures and product mix
Robotics & Autonomous Machines,Google,1,350.0,32.0,0.4,https://www.sec.gov/ixviewer/ix.html?doc=/Archives/edgar/data/1652044/000165204425000014/goog-20241231.htm,https://ifr.org/,Estimated from segment disclosures and product mix
Robotics & Autonomous Machines,Microsoft,1,245.1,44.6,0.4,https://www.sec.gov/ixviewer/ix.html?doc=/Archives/edgar/data/789019/000095017024087843/msft-20240630.htm,https://ifr.org/,Estimated from segment disclosures and product mix
Robotics & Autonomous Machines,TSMC,0,90.0,42.0,0.0,https://investor.tsmc.com/english/financial-calendar,https://ifr.org/,No material direct revenue disclosed
Robotics & Autonomous Machines,Samsung,0,220.0,8.5,0.0,https://www.samsung.com/global/ir/financial-information/earnings-release/,https://ifr.org/,No material direct revenue disclosed
Robotics & Autonomous Machines,Marvell,0,5.5,-7.0,0.0,https://investor.marvell.com/financial-information/sec-filings,https://ifr.org/,No material direct revenue disclosed
Robotics & Autonomous Machines,Micron,0,25.1,-2.0,0.0,https://investors.micron.com/financials/sec-filings,https://ifr.org/,No material direct revenue disclosed
Robotics & Autonomous Machines,IBM,0,62.8,16.5,0.0,https://www.sec.gov/ixviewer/ix.html?doc=/Archives/edgar/data/51143/000005114325000010/ibm-20241231.htm,https://ifr.org/,No material direct revenue disclosed
Robotics & Autonomous Machines,Texas Instruments,0,15.64,34.0,0.0,https://investor.ti.com/financial-information/annual-reports-and-proxies,https://ifr.org/,No material direct revenue disclosed
Robotics & Autonomous Machines,GlobalFoundries,0,6.75,22.0,0.0,https://investors.gf.com/financial-information/sec-filings,https://ifr.org/,No material direct revenue disclosed
Robotics & Autonomous Machines,SMIC,0,8.03,13.0,0.0,https://www.smics.com/en/site/company_financialSummary,https://ifr.org/,No material direct revenue disclosed
Automotive Infotainment,Intel,1,52.9,-0.6,0.4,https://www.intc.com/filings-reports/all-sec-filings/content/0000050863-26-000008/intc-20251227.htm,https://www.counterpointresearch.com/insights/automotive-cockpit-soc/,Estimated from segment disclosures and product mix
Automotive Infotainment,AMD,0,34.6,7.8,0.0,https://ir.amd.com/financial-information/sec-filings/content/0000002488-26-000018/amd-20251227.htm,https://www.counterpointresearch.com/insights/automotive-cockpit-soc/,No material direct revenue disclosed
Automotive Infotainment,Nvidia,1,60.9,54.1,0.6,https://www.sec.gov/Archives/edgar/data/1045810/000104581025000086/nvda-20250126.htm,https://www.counterpointresearch.com/insights/automotive-cockpit-soc/,Estimated from segment disclosures and product mix
Automotive Infotainment,Apple,1,391.0,31.5,0.2,https://www.sec.gov/ixviewer/ix.html?doc=/Archives/edgar/data/320193/000032019324000123/aapl-20240928.htm,https://www.counterpointresearch.com/insights/automotive-cockpit-soc/,Estimated from segment disclosures and product mix
Automotive Infotainment,Qualcomm,1,38.96,25.6,3.0,https://investor.qualcomm.com/financial-information/sec-filings/content/0000804328-24-000067/qcom-20240929.htm,https://www.counterpointresearch.com/insights/automotive-cockpit-soc/,Estimated from segment disclosures and product mix
Automotive Infotainment,Amazon,0,637.96,10.8,0.0,https://www.sec.gov/ixviewer/ix.html?doc=/Archives/edgar/data/1018724/000101872425000008/amzn-20241231.htm,https://www.counterpointresearch.com/insights/automotive-cockpit-soc/,No material direct revenue disclosed
Automotive Infotainment,Google,0,350.0,32.0,0.0,https://www.sec.gov/ixviewer/ix.html?doc=/Archives/edgar/data/1652044/000165204425000014/goog-20241231.htm,https://www.counterpointresearch.com/insights/automotive-cockpit-soc/,No material direct revenue disclosed
Automotive Infotainment,Microsoft,0,245.1,44.6,0.0,https://www.sec.gov/ixviewer/ix.html?doc=/Archives/edgar/data/789019/000095017024087843/msft-20240630.htm,https://www.counterpointresearch.com/insights/automotive-cockpit-soc/,No material direct revenue disclosed
Automotive Infotainment,TSMC,0,90.0,42.0,0.0,https://investor.tsmc.com/english/financial-calendar,https://www.counterpointresearch.com/insights/automotive-cockpit-soc/,No material direct revenue disclosed
Automotive Infotainment,Samsung,1,220.0,8.5,1.5,https://www.samsung.com/global/ir/financial-information/earnings-release/,https://www.counterpointresearch.com/insights/automotive-cockpit-soc/,Estimated from segment disclosures and product mix
Automotive Infotainment,Marvell,0,5.5,-7.0,0.0,https://investor.marvell.com/financial-information/sec-filings,https://www.counterpointresearch.com/insights/automotive-cockpit-soc/,No material direct revenue disclosed
Automotive Infotainment,Micron,0,25.1,-2.0,0.0,https://investors.micron.com/financials/sec-filings,https://www.counterpointresearch.com/insights/automotive-cockpit-soc/,No material direct revenue disclosed
Automotive Infotainment,IBM,0,62.8,16.5,0.0,https://www.sec.gov/ixviewer/ix.html?doc=/Archives/edgar/data/51143/000005114325000010/ibm-20241231.htm,https://www.counterpointresearch.com/insights/automotive-cockpit-soc/,No material direct revenue disclosed
Automotive Infotainment,Texas Instruments,1,15.64,34.0,1.3,https://investor.ti.com/financial-information/annual-reports-and-proxies,https://www.counterpointresearch.com/insights/automotive-cockpit-soc/,Estimated from segment disclosures and product mix
Automotive Infotainment,GlobalFoundries,0,6.75,22.0,0.0,https://investors.gf.com/financial-information/sec-filings,https://www.counterpointresearch.com/insights/automotive-cockpit-soc/,No material direct revenue disclosed
Automotive Infotainment,SMIC,0,8.03,13.0,0.0,https://www.smics.com/en/site/company_financialSummary,https://www.counterpointresearch.com/insights/automotive-cockpit-soc/,No material direct revenue disclosed
